dbc7b2,172.23.0.1,GET,https://localhost:51373/latest-article?page=0,1725363616,dbc7b2,200,request
f62e66,172.23.0.1,GET,https://localhost:51373/latest-article?page=0,1725363617,dbc7b2,200,request
0b3706,172.23.0.1,GET,https://localhost:51373/latest-article?page=0,1725363617,dbc7b2,200,request
e328e8,172.23.0.1,GET,https://localhost:51373/latest-article?page=0,1725363617,dbc7b2,200,request
3027a6,172.23.0.1,GET,https://localhost:51373/latest-article?page=0,1725363617,dbc7b2,200,request
886285,172.23.0.1,GET,https://localhost:51373/latest-article?page=0,1725363617,dbc7b2,200,request
176688,172.23.0.1,GET,https://localhost:51373/latest-article?page=0,1725363617,dbc7b2,200,request
98d6bf,172.23.0.1,GET,https://localhost:51373/latest-article?page=0,1725363617,dbc7b2,200,request
f0a02d,172.23.0.1,GET,https://localhost:51373/latest-article?page=0,1725363617,dbc7b2,200,request
566b76,172.23.0.1,GET,https://localhost:51373/latest-article?page=0,1725363617,dbc7b2,200,request
c4e1fb,172.23.0.1,GET,https://localhost:51373/,1725363622,c4e1fb,200,request
da9cde,172.23.0.1,GET,https://localhost:51373/,1725363622,c4e1fb,200,request
5fb83b,172.23.0.1,GET,https://localhost:51373/,1725363622,c4e1fb,200,request
95b590,172.23.0.1,GET,https://localhost:51373/,1725363622,c4e1fb,200,request
6731d0,172.23.0.1,GET,https://localhost:51373/,1725363622,c4e1fb,200,request
1d0027,172.23.0.1,GET,https://localhost:51373/,1725363622,c4e1fb,200,request
51442e,172.23.0.1,GET,https://localhost:51373/,1725363622,c4e1fb,200,request
7c8af2,172.23.0.1,GET,https://localhost:51373/,1725363622,c4e1fb,200,request
523dfc,172.23.0.1,GET,https://localhost:51373/,1725363622,c4e1fb,200,request
9ab8c6,172.23.0.1,GET,https://localhost:51373/admin/structure/views,1725363703,9ab8c6,200,request
0ba7b2,172.23.0.1,GET,https://localhost:51373/admin/structure/views,1725363703,9ab8c6,200,request
2d8d4a,172.23.0.1,GET,https://localhost:51373/admin/structure/views,1725363703,9ab8c6,200,request
ebb6b3,172.23.0.1,GET,https://localhost:51373/admin/structure/views,1725363703,9ab8c6,200,request
46d45f,172.23.0.1,GET,https://localhost:51373/admin/structure/views,1725363703,9ab8c6,200,request
c85b3e,172.23.0.1,GET,https://localhost:51373/admin/structure/views,1725363703,9ab8c6,200,request
1cbfe5,172.23.0.1,GET,https://localhost:51373/admin/structure/views,1725363703,9ab8c6,200,request
7cf110,172.23.0.1,GET,https://localhost:51373/admin/structure/views,1725363703,9ab8c6,200,request
814d06,172.23.0.1,GET,https://localhost:51373/admin/structure/views,1725363703,9ab8c6,200,request
09c0f5,172.23.0.1,GET,https://localhost:51373/admin/structure/views,1725363703,9ab8c6,200,request
1b676c,172.23.0.1,GET,https://localhost:51373/admin/structure/views,1725363703,9ab8c6,200,request
eae23d,172.23.0.1,GET,https://localhost:51373/admin/structure/views,1725363703,9ab8c6,200,request
3e34b4,172.23.0.1,GET,https://localhost:51373/admin/structure/views,1725363703,9ab8c6,200,request
5d5bae,172.23.0.1,GET,https://localhost:51373/admin/structure/views,1725363703,9ab8c6,200,request
a2649f,172.23.0.1,GET,https://localhost:51373/admin/structure/views,1725363703,9ab8c6,200,request
2cfaf6,172.23.0.1,GET,https://localhost:51373/admin/structure/views,1725363703,9ab8c6,200,request
fb3617,172.23.0.1,GET,https://localhost:51373/admin/structure/views,1725363703,9ab8c6,200,request
c1640f,172.23.0.1,GET,https://localhost:51373/admin/structure/views,1725363703,9ab8c6,200,request
58eedd,172.23.0.1,GET,https://localhost:51373/admin/structure/views,1725363703,9ab8c6,200,request
d01658,172.23.0.1,GET,https://localhost:51373/admin/structure/views,1725363703,9ab8c6,200,request
cb4184,172.23.0.1,GET,https://localhost:51373/admin/structure/views,1725363703,9ab8c6,200,request
220059,172.23.0.1,GET,https://localhost:51373/admin/structure/views,1725363703,9ab8c6,200,request
f02688,172.23.0.1,GET,https://localhost:51373/admin/structure/views,1725363703,9ab8c6,200,request
b7308f,172.23.0.1,GET,https://localhost:51373/admin/structure/views,1725363703,9ab8c6,200,request
816ad3,172.23.0.1,GET,https://localhost:51373/admin/structure/views,1725363703,9ab8c6,200,request
ccfaf0,172.23.0.1,GET,https://localhost:51373/admin/structure/views/settings,1725363706,ccfaf0,200,request
1114ba,172.23.0.1,GET,https://localhost:51373/admin/structure/views/settings,1725363706,ccfaf0,200,request
d38e71,172.23.0.1,GET,https://localhost:51373/admin/structure/views/settings,1725363706,ccfaf0,200,request
b5182d,172.23.0.1,GET,https://localhost:51373/admin/structure/views/settings,1725363706,ccfaf0,200,request
ef1a9b,172.23.0.1,GET,https://localhost:51373/admin/structure/views/settings,1725363706,ccfaf0,200,request
fdcaad,172.23.0.1,GET,https://localhost:51373/admin/structure/views/settings,1725363706,ccfaf0,200,request
014e13,172.23.0.1,GET,https://localhost:51373/admin/structure/views/settings,1725363706,ccfaf0,200,request
b5e6fe,172.23.0.1,GET,https://localhost:51373/admin/structure/views/settings,1725363706,ccfaf0,200,request
d6b5f6,172.23.0.1,GET,https://localhost:51373/admin/structure/views/settings,1725363706,ccfaf0,200,request
dd3b17,172.23.0.1,GET,https://localhost:51373/admin/structure/views/settings,1725363706,ccfaf0,200,request
2fbf32,172.23.0.1,GET,https://localhost:51373/admin/structure/views/settings,1725363706,ccfaf0,200,request
b55174,172.23.0.1,GET,https://localhost:51373/admin/structure/views/settings,1725363706,ccfaf0,200,request
ee0278,172.23.0.1,GET,https://localhost:51373/admin/structure/views,1725364004,ee0278,200,request
9033f7,172.23.0.1,GET,https://localhost:51373/admin/structure/views,1725364004,ee0278,200,request
86c000,172.23.0.1,GET,https://localhost:51373/admin/structure/views,1725364004,ee0278,200,request
a78450,172.23.0.1,GET,https://localhost:51373/admin/structure/views,1725364004,ee0278,200,request
0f2b00,172.23.0.1,GET,https://localhost:51373/admin/structure/views,1725364004,ee0278,200,request
2d314e,172.23.0.1,GET,https://localhost:51373/admin/structure/views,1725364004,ee0278,200,request
a12f8e,172.23.0.1,GET,https://localhost:51373/admin/structure/views,1725364004,ee0278,200,request
f110b2,172.23.0.1,GET,https://localhost:51373/admin/structure/views,1725364004,ee0278,200,request
9615fa,172.23.0.1,GET,https://localhost:51373/admin/structure/views,1725364004,ee0278,200,request
e17915,172.23.0.1,GET,https://localhost:51373/admin/structure/views,1725364004,ee0278,200,request
28b64f,172.23.0.1,GET,https://localhost:51373/admin/structure/views,1725364004,ee0278,200,request
8e0941,172.23.0.1,GET,https://localhost:51373/admin/structure/views,1725364004,ee0278,200,request
af0b62,172.23.0.1,GET,https://localhost:51373/admin/structure/views,1725364004,ee0278,200,request
10daf7,172.23.0.1,GET,https://localhost:51373/admin/structure/views,1725364004,ee0278,200,request
4c3013,172.23.0.1,GET,https://localhost:51373/admin/structure/views,1725364004,ee0278,200,request
7e0bbf,172.23.0.1,GET,https://localhost:51373/admin/structure/views,1725364004,ee0278,200,request
8498ff,172.23.0.1,GET,https://localhost:51373/admin/structure/views,1725364004,ee0278,200,request
9343ff,172.23.0.1,GET,https://localhost:51373/admin/structure/views,1725364004,ee0278,200,request
d72caf,172.23.0.1,GET,https://localhost:51373/admin/structure/views,1725364004,ee0278,200,request
6946d9,172.23.0.1,GET,https://localhost:51373/admin/structure/views,1725364004,ee0278,200,request
454539,172.23.0.1,GET,https://localhost:51373/admin/structure/views,1725364004,ee0278,200,request
7921d4,172.23.0.1,GET,https://localhost:51373/admin/structure/views,1725364004,ee0278,200,request
f0a39b,172.23.0.1,GET,https://localhost:51373/admin/structure/views,1725364004,ee0278,200,request
799242,172.23.0.1,GET,https://localhost:51373/admin/structure/views,1725364005,ee0278,200,request
358d2b,172.23.0.1,GET,https://localhost:51373/admin/structure/views,1725364005,ee0278,200,request
2b8dd5,172.23.0.1,GET,https://localhost:51373/admin/structure/views/view/latest_article,1725364021,2b8dd5,200,request
3e0a50,172.23.0.1,GET,https://localhost:51373/admin/structure/views/view/latest_article,1725364021,2b8dd5,200,request
773a97,172.23.0.1,GET,https://localhost:51373/admin/structure/views/view/latest_article,1725364022,2b8dd5,200,request
4b8dfc,172.23.0.1,GET,https://localhost:51373/admin/structure/views/view/latest_article,1725364022,2b8dd5,200,request
9dcb5f,172.23.0.1,GET,https://localhost:51373/admin/structure/views/view/latest_article,1725364022,2b8dd5,200,request
4a9422,172.23.0.1,GET,https://localhost:51373/admin/structure/views/view/latest_article,1725364022,2b8dd5,200,request
816896,172.23.0.1,GET,https://localhost:51373/admin/structure/views/view/latest_article,1725364022,2b8dd5,200,request
0b6485,172.23.0.1,GET,https://localhost:51373/admin/structure/views/view/latest_article,1725364022,2b8dd5,200,request
a84f70,172.23.0.1,GET,https://localhost:51373/admin/structure/views/view/latest_article,1725364022,2b8dd5,200,request
c3cefb,172.23.0.1,GET,https://localhost:51373/admin/structure/views/view/latest_article,1725364022,2b8dd5,200,request
fc02f8,172.23.0.1,GET,https://localhost:51373/admin/structure/views/view/latest_article,1725364022,2b8dd5,200,request
5f3164,172.23.0.1,GET,https://localhost:51373/admin/structure/views/view/latest_article,1725364022,2b8dd5,200,request
32a7b5,172.23.0.1,GET,https://localhost:51373/admin/structure/views/view/latest_article,1725364022,2b8dd5,200,request
ad52e9,172.23.0.1,POST,https://localhost:51373/admin/structure/views/view/latest_article/preview/page_1?_wrapper_format=drupal_ajax,1725364022,ad52e9,200,request
cf209f,172.23.0.1,GET,https://localhost:51373/admin/structure/views/view/latest_article/edit/block_1,1725364040,cf209f,200,request
e1ee87,172.23.0.1,GET,https://localhost:51373/admin/structure/views/view/latest_article/edit/block_1,1725364040,cf209f,200,request
7def38,172.23.0.1,GET,https://localhost:51373/admin/structure/views/view/latest_article/edit/block_1,1725364040,cf209f,200,request
d61cb9,172.23.0.1,GET,https://localhost:51373/admin/structure/views/view/latest_article/edit/block_1,1725364040,cf209f,200,request
67258e,172.23.0.1,GET,https://localhost:51373/admin/structure/views/view/latest_article/edit/block_1,1725364040,cf209f,200,request
8b6f62,172.23.0.1,GET,https://localhost:51373/admin/structure/views/view/latest_article/edit/block_1,1725364040,cf209f,200,request
a831b6,172.23.0.1,GET,https://localhost:51373/admin/structure/views/view/latest_article/edit/block_1,1725364040,cf209f,200,request
40e9d6,172.23.0.1,POST,https://localhost:51373/admin/structure/views/view/latest_article/preview/block_1?_wrapper_format=drupal_ajax,1725364040,40e9d6,200,request
9ecbfd,172.23.0.1,GET,https://localhost:51373/admin/structure/views/view/latest_article/edit/block_1,1725364040,cf209f,200,request
ecf068,172.23.0.1,GET,https://localhost:51373/admin/structure/views/view/latest_article/edit/block_1,1725364040,cf209f,200,request
3be949,172.23.0.1,GET,https://localhost:51373/admin/structure/views/view/latest_article/edit/block_1,1725364040,cf209f,200,request
5fc6eb,172.23.0.1,GET,https://localhost:51373/admin/structure/views/view/latest_article/edit/block_1,1725364040,cf209f,200,request
f6b3c9,172.23.0.1,GET,https://localhost:51373/admin/structure/views/view/latest_article/edit/block_1,1725364040,cf209f,200,request
b81090,172.23.0.1,GET,https://localhost:51373/admin/structure/views/view/latest_article/edit/block_1,1725364040,cf209f,200,request
7db3c3,172.23.0.1,POST,https://localhost:51373/admin/structure/views/view/latest_article/preview/block_1?_wrapper_format=drupal_ajax,1725364040,7db3c3,200,request
